{
  "project_info": {
    "project_number": "475637818612",
    "project_id": "madrealtimedb",
    "storage_bucket": "madrealtimedb.appspot.com"
  },
  "client": [
    {
      "client_info": {
        "mobilesdk_app_id": "1:475637818612:android:29b87a6972d7ec83756aa1",
        "android_client_info": {
          "package_name": "com.example.madsemesterproject"
        }
      },
      "oauth_client": [
        {
          "client_id": "475637818612-ds9v99i9jfd2dlj92v34of81bc5bbqgg.apps.googleusercontent.com",
          "client_type": 3
        }
      ],
      "api_key": [
        {
          "current_key": "AIzaSyBID2SR4UE07mYp8GSatBXyxwUFEbzbKnM"
        }
      ],
      "services": {
        "appinvite_service": {
          "other_platform_oauth_client": [
            {
              "client_id": "475637818612-ds9v99i9jfd2dlj92v34of81bc5bbqgg.apps.googleusercontent.com",
              "client_type": 3
            }
          ]
        }
      }
    }
  ],
  "configuration_version": "1"
}